"","date","latitude","site","size","air_temp","air_temp_sd","water_temp","water_temp_sd","name"
"1",2016-07-24,30,"GTM",12.43,21.792,6.391,24.502,6.121,"Guana Tolomoto Matanzas NERR"
"2",2016-07-24,30,"GTM",14.18,21.792,6.391,24.502,6.121,"Guana Tolomoto Matanzas NERR"
"3",2016-07-24,30,"GTM",14.52,21.792,6.391,24.502,6.121,"Guana Tolomoto Matanzas NERR"
"4",2016-07-24,30,"GTM",12.94,21.792,6.391,24.502,6.121,"Guana Tolomoto Matanzas NERR"
"5",2016-07-24,30,"GTM",12.45,21.792,6.391,24.502,6.121,"Guana Tolomoto Matanzas NERR"
"6",2016-07-24,30,"GTM",12.99,21.792,6.391,24.502,6.121,"Guana Tolomoto Matanzas NERR"
"7",2016-07-24,30,"GTM",10.32,21.792,6.391,24.502,6.121,"Guana Tolomoto Matanzas NERR"
"8",2016-07-24,30,"GTM",11.19,21.792,6.391,24.502,6.121,"Guana Tolomoto Matanzas NERR"
"9",2016-07-24,30,"GTM",12.68,21.792,6.391,24.502,6.121,"Guana Tolomoto Matanzas NERR"
"10",2016-07-24,30,"GTM",14.55,21.792,6.391,24.502,6.121,"Guana Tolomoto Matanzas NERR"
"11",2016-07-24,30,"GTM",14.92,21.792,6.391,24.502,6.121,"Guana Tolomoto Matanzas NERR"
"12",2016-07-24,30,"GTM",13.48,21.792,6.391,24.502,6.121,"Guana Tolomoto Matanzas NERR"
"13",2016-07-24,30,"GTM",13.76,21.792,6.391,24.502,6.121,"Guana Tolomoto Matanzas NERR"
"14",2016-07-24,30,"GTM",13.1,21.792,6.391,24.502,6.121,"Guana Tolomoto Matanzas NERR"
"15",2016-07-24,30,"GTM",13.56,21.792,6.391,24.502,6.121,"Guana Tolomoto Matanzas NERR"
"16",2016-07-24,30,"GTM",13.51,21.792,6.391,24.502,6.121,"Guana Tolomoto Matanzas NERR"
"17",2016-07-24,30,"GTM",12.12,21.792,6.391,24.502,6.121,"Guana Tolomoto Matanzas NERR"
"18",2016-07-24,30,"GTM",14.33,21.792,6.391,24.502,6.121,"Guana Tolomoto Matanzas NERR"
"19",2016-07-24,30,"GTM",12.52,21.792,6.391,24.502,6.121,"Guana Tolomoto Matanzas NERR"
"20",2016-07-24,30,"GTM",12.03,21.792,6.391,24.502,6.121,"Guana Tolomoto Matanzas NERR"
"21",2016-07-24,30,"GTM",11.84,21.792,6.391,24.502,6.121,"Guana Tolomoto Matanzas NERR"
"22",2016-07-24,30,"GTM",7.55,21.792,6.391,24.502,6.121,"Guana Tolomoto Matanzas NERR"
"23",2016-07-24,30,"GTM",12.59,21.792,6.391,24.502,6.121,"Guana Tolomoto Matanzas NERR"
"24",2016-07-24,30,"GTM",10.05,21.792,6.391,24.502,6.121,"Guana Tolomoto Matanzas NERR"
"25",2016-07-24,30,"GTM",13,21.792,6.391,24.502,6.121,"Guana Tolomoto Matanzas NERR"
"26",2016-07-24,30,"GTM",11.29,21.792,6.391,24.502,6.121,"Guana Tolomoto Matanzas NERR"
"27",2016-07-24,30,"GTM",11.58,21.792,6.391,24.502,6.121,"Guana Tolomoto Matanzas NERR"
"28",2016-07-24,30,"GTM",7.81,21.792,6.391,24.502,6.121,"Guana Tolomoto Matanzas NERR"
"29",2016-07-26,31.4,"SI",9.26,20.83,7.414,22.064,6.495,"Sapelo Island NERR"
"30",2016-07-26,31.4,"SI",12.58,20.83,7.414,22.064,6.495,"Sapelo Island NERR"
"31",2016-07-26,31.4,"SI",10.51,20.83,7.414,22.064,6.495,"Sapelo Island NERR"
"32",2016-07-26,31.4,"SI",8.09,20.83,7.414,22.064,6.495,"Sapelo Island NERR"
"33",2016-07-26,31.4,"SI",10.96,20.83,7.414,22.064,6.495,"Sapelo Island NERR"
"34",2016-07-26,31.4,"SI",9.55,20.83,7.414,22.064,6.495,"Sapelo Island NERR"
"35",2016-07-26,31.4,"SI",7.28,20.83,7.414,22.064,6.495,"Sapelo Island NERR"
"36",2016-07-26,31.4,"SI",12.66,20.83,7.414,22.064,6.495,"Sapelo Island NERR"
"37",2016-07-26,31.4,"SI",6.64,20.83,7.414,22.064,6.495,"Sapelo Island NERR"
"38",2016-07-26,31.4,"SI",10.56,20.83,7.414,22.064,6.495,"Sapelo Island NERR"
"39",2016-07-26,31.4,"SI",10.62,20.83,7.414,22.064,6.495,"Sapelo Island NERR"
"40",2016-07-26,31.4,"SI",11.11,20.83,7.414,22.064,6.495,"Sapelo Island NERR"
"41",2016-07-26,31.4,"SI",13.39,20.83,7.414,22.064,6.495,"Sapelo Island NERR"
"42",2016-07-26,31.4,"SI",7.65,20.83,7.414,22.064,6.495,"Sapelo Island NERR"
"43",2016-07-26,31.4,"SI",10.33,20.83,7.414,22.064,6.495,"Sapelo Island NERR"
"44",2016-07-26,31.4,"SI",6.91,20.83,7.414,22.064,6.495,"Sapelo Island NERR"
"45",2016-07-26,31.4,"SI",9.45,20.83,7.414,22.064,6.495,"Sapelo Island NERR"
"46",2016-07-26,31.4,"SI",7.96,20.83,7.414,22.064,6.495,"Sapelo Island NERR"
"47",2016-07-26,31.4,"SI",8.86,20.83,7.414,22.064,6.495,"Sapelo Island NERR"
"48",2016-07-26,31.4,"SI",13.63,20.83,7.414,22.064,6.495,"Sapelo Island NERR"
"49",2016-07-26,31.4,"SI",9.55,20.83,7.414,22.064,6.495,"Sapelo Island NERR"
"50",2016-07-26,31.4,"SI",10.75,20.83,7.414,22.064,6.495,"Sapelo Island NERR"
"51",2016-07-26,31.4,"SI",9.09,20.83,7.414,22.064,6.495,"Sapelo Island NERR"
"52",2016-07-26,31.4,"SI",9.09,20.83,7.414,22.064,6.495,"Sapelo Island NERR"
"53",2016-07-26,31.4,"SI",9.08,20.83,7.414,22.064,6.495,"Sapelo Island NERR"
"54",2016-07-26,31.4,"SI",9.73,20.83,7.414,22.064,6.495,"Sapelo Island NERR"
"55",2016-07-26,31.4,"SI",8.88,20.83,7.414,22.064,6.495,"Sapelo Island NERR"
"56",2016-07-26,31.4,"SI",11.42,20.83,7.414,22.064,6.495,"Sapelo Island NERR"
"57",2016-07-26,31.4,"SI",10.86,20.83,7.414,22.064,6.495,"Sapelo Island NERR"
"58",2016-07-26,31.4,"SI",9.18,20.83,7.414,22.064,6.495,"Sapelo Island NERR"
"59",2016-07-28,33.3,"NIB",14.53,18.967,7.99,21.144,7.164,"North Inlet Winyah Bay NERR"
"60",2016-07-28,33.3,"NIB",17.29,18.967,7.99,21.144,7.164,"North Inlet Winyah Bay NERR"
"61",2016-07-28,33.3,"NIB",14.69,18.967,7.99,21.144,7.164,"North Inlet Winyah Bay NERR"
"62",2016-07-28,33.3,"NIB",12.57,18.967,7.99,21.144,7.164,"North Inlet Winyah Bay NERR"
"63",2016-07-28,33.3,"NIB",12.89,18.967,7.99,21.144,7.164,"North Inlet Winyah Bay NERR"
"64",2016-07-28,33.3,"NIB",15.14,18.967,7.99,21.144,7.164,"North Inlet Winyah Bay NERR"
"65",2016-07-28,33.3,"NIB",16.99,18.967,7.99,21.144,7.164,"North Inlet Winyah Bay NERR"
"66",2016-07-28,33.3,"NIB",14.01,18.967,7.99,21.144,7.164,"North Inlet Winyah Bay NERR"
"67",2016-07-28,33.3,"NIB",15.32,18.967,7.99,21.144,7.164,"North Inlet Winyah Bay NERR"
"68",2016-07-28,33.3,"NIB",8.52,18.967,7.99,21.144,7.164,"North Inlet Winyah Bay NERR"
"69",2016-07-28,33.3,"NIB",11.98,18.967,7.99,21.144,7.164,"North Inlet Winyah Bay NERR"
"70",2016-07-28,33.3,"NIB",13.71,18.967,7.99,21.144,7.164,"North Inlet Winyah Bay NERR"
"71",2016-07-28,33.3,"NIB",8.84,18.967,7.99,21.144,7.164,"North Inlet Winyah Bay NERR"
"72",2016-07-28,33.3,"NIB",10.77,18.967,7.99,21.144,7.164,"North Inlet Winyah Bay NERR"
"73",2016-07-28,33.3,"NIB",12.71,18.967,7.99,21.144,7.164,"North Inlet Winyah Bay NERR"
"74",2016-07-28,33.3,"NIB",15.31,18.967,7.99,21.144,7.164,"North Inlet Winyah Bay NERR"
"75",2016-07-28,33.3,"NIB",10.55,18.967,7.99,21.144,7.164,"North Inlet Winyah Bay NERR"
"76",2016-07-28,33.3,"NIB",12.87,18.967,7.99,21.144,7.164,"North Inlet Winyah Bay NERR"
"77",2016-07-28,33.3,"NIB",17.04,18.967,7.99,21.144,7.164,"North Inlet Winyah Bay NERR"
"78",2016-07-28,33.3,"NIB",14.47,18.967,7.99,21.144,7.164,"North Inlet Winyah Bay NERR"
"79",2016-07-28,33.3,"NIB",13.63,18.967,7.99,21.144,7.164,"North Inlet Winyah Bay NERR"
"80",2016-07-28,33.3,"NIB",10.34,18.967,7.99,21.144,7.164,"North Inlet Winyah Bay NERR"
"81",2016-07-28,33.3,"NIB",15.82,18.967,7.99,21.144,7.164,"North Inlet Winyah Bay NERR"
"82",2016-07-28,33.3,"NIB",11.45,18.967,7.99,21.144,7.164,"North Inlet Winyah Bay NERR"
"83",2016-07-28,33.3,"NIB",15.88,18.967,7.99,21.144,7.164,"North Inlet Winyah Bay NERR"
"84",2016-07-28,33.3,"NIB",12.7,18.967,7.99,21.144,7.164,"North Inlet Winyah Bay NERR"
"85",2016-07-28,33.3,"NIB",11.95,18.967,7.99,21.144,7.164,"North Inlet Winyah Bay NERR"
"86",2016-07-28,33.3,"NIB",15.67,18.967,7.99,21.144,7.164,"North Inlet Winyah Bay NERR"
"87",2016-07-28,33.3,"NIB",11.4,18.967,7.99,21.144,7.164,"North Inlet Winyah Bay NERR"
"88",2016-07-28,33.3,"NIB",9.72,18.967,7.99,21.144,7.164,"North Inlet Winyah Bay NERR"
"89",2016-07-29,34,"ZI",14.71,18.631,8.397,20.234,7.651,"Zeke's Island NERR"
"90",2016-07-29,34,"ZI",12.5,18.631,8.397,20.234,7.651,"Zeke's Island NERR"
"91",2016-07-29,34,"ZI",14.73,18.631,8.397,20.234,7.651,"Zeke's Island NERR"
"92",2016-07-29,34,"ZI",13.05,18.631,8.397,20.234,7.651,"Zeke's Island NERR"
"93",2016-07-29,34,"ZI",12.74,18.631,8.397,20.234,7.651,"Zeke's Island NERR"
"94",2016-07-29,34,"ZI",12.18,18.631,8.397,20.234,7.651,"Zeke's Island NERR"
"95",2016-07-29,34,"ZI",13.64,18.631,8.397,20.234,7.651,"Zeke's Island NERR"
"96",2016-07-29,34,"ZI",13.96,18.631,8.397,20.234,7.651,"Zeke's Island NERR"
"97",2016-07-29,34,"ZI",15.74,18.631,8.397,20.234,7.651,"Zeke's Island NERR"
"98",2016-07-29,34,"ZI",13.73,18.631,8.397,20.234,7.651,"Zeke's Island NERR"
"99",2016-07-29,34,"ZI",14.31,18.631,8.397,20.234,7.651,"Zeke's Island NERR"
"100",2016-07-29,34,"ZI",13.39,18.631,8.397,20.234,7.651,"Zeke's Island NERR"
"101",2016-07-29,34,"ZI",11.91,18.631,8.397,20.234,7.651,"Zeke's Island NERR"
"102",2016-07-29,34,"ZI",9.81,18.631,8.397,20.234,7.651,"Zeke's Island NERR"
"103",2016-07-29,34,"ZI",10.38,18.631,8.397,20.234,7.651,"Zeke's Island NERR"
"104",2016-07-29,34,"ZI",11.27,18.631,8.397,20.234,7.651,"Zeke's Island NERR"
"105",2016-07-29,34,"ZI",11.62,18.631,8.397,20.234,7.651,"Zeke's Island NERR"
"106",2016-07-29,34,"ZI",12.8,18.631,8.397,20.234,7.651,"Zeke's Island NERR"
"107",2016-07-29,34,"ZI",11.41,18.631,8.397,20.234,7.651,"Zeke's Island NERR"
"108",2016-07-29,34,"ZI",13.88,18.631,8.397,20.234,7.651,"Zeke's Island NERR"
"109",2016-07-29,34,"ZI",11.1,18.631,8.397,20.234,7.651,"Zeke's Island NERR"
"110",2016-07-29,34,"ZI",11.65,18.631,8.397,20.234,7.651,"Zeke's Island NERR"
"111",2016-07-29,34,"ZI",9.95,18.631,8.397,20.234,7.651,"Zeke's Island NERR"
"112",2016-07-29,34,"ZI",9.87,18.631,8.397,20.234,7.651,"Zeke's Island NERR"
"113",2016-07-29,34,"ZI",8.29,18.631,8.397,20.234,7.651,"Zeke's Island NERR"
"114",2016-07-29,34,"ZI",8.45,18.631,8.397,20.234,7.651,"Zeke's Island NERR"
"115",2016-07-29,34,"ZI",15.1,18.631,8.397,20.234,7.651,"Zeke's Island NERR"
"116",2016-07-29,34,"ZI",11.69,18.631,8.397,20.234,7.651,"Zeke's Island NERR"
"117",2016-07-29,34,"ZI",9.86,18.631,8.397,20.234,7.651,"Zeke's Island NERR"
"118",2016-07-29,34,"ZI",8.05,18.631,8.397,20.234,7.651,"Zeke's Island NERR"
"119",2016-07-29,34,"ZI",10.58,18.631,8.397,20.234,7.651,"Zeke's Island NERR"
"120",2016-07-29,34,"ZI",13.51,18.631,8.397,20.234,7.651,"Zeke's Island NERR"
"121",2016-07-29,34,"ZI",10.34,18.631,8.397,20.234,7.651,"Zeke's Island NERR"
"122",2016-07-29,34,"ZI",11.96,18.631,8.397,20.234,7.651,"Zeke's Island NERR"
"123",2016-07-29,34,"ZI",14.07,18.631,8.397,20.234,7.651,"Zeke's Island NERR"
"124",2016-08-01,34.7,"RC",14.19,18.631,8.397,20.54,6.998,"Rachel Carson NERR"
"125",2016-08-01,34.7,"RC",11.17,18.631,8.397,20.54,6.998,"Rachel Carson NERR"
"126",2016-08-01,34.7,"RC",13.88,18.631,8.397,20.54,6.998,"Rachel Carson NERR"
"127",2016-08-01,34.7,"RC",17.64,18.631,8.397,20.54,6.998,"Rachel Carson NERR"
"128",2016-08-01,34.7,"RC",17.41,18.631,8.397,20.54,6.998,"Rachel Carson NERR"
"129",2016-08-01,34.7,"RC",12.59,18.631,8.397,20.54,6.998,"Rachel Carson NERR"
"130",2016-08-01,34.7,"RC",13.62,18.631,8.397,20.54,6.998,"Rachel Carson NERR"
"131",2016-08-01,34.7,"RC",16.37,18.631,8.397,20.54,6.998,"Rachel Carson NERR"
"132",2016-08-01,34.7,"RC",13.04,18.631,8.397,20.54,6.998,"Rachel Carson NERR"
"133",2016-08-01,34.7,"RC",10.19,18.631,8.397,20.54,6.998,"Rachel Carson NERR"
"134",2016-08-01,34.7,"RC",14.98,18.631,8.397,20.54,6.998,"Rachel Carson NERR"
"135",2016-08-01,34.7,"RC",13.35,18.631,8.397,20.54,6.998,"Rachel Carson NERR"
"136",2016-08-01,34.7,"RC",11.83,18.631,8.397,20.54,6.998,"Rachel Carson NERR"
"137",2016-08-01,34.7,"RC",11.81,18.631,8.397,20.54,6.998,"Rachel Carson NERR"
"138",2016-08-01,34.7,"RC",13.59,18.631,8.397,20.54,6.998,"Rachel Carson NERR"
"139",2016-08-01,34.7,"RC",11.05,18.631,8.397,20.54,6.998,"Rachel Carson NERR"
"140",2016-08-01,34.7,"RC",12.5,18.631,8.397,20.54,6.998,"Rachel Carson NERR"
"141",2016-08-01,34.7,"RC",12.09,18.631,8.397,20.54,6.998,"Rachel Carson NERR"
"142",2016-08-01,34.7,"RC",11.44,18.631,8.397,20.54,6.998,"Rachel Carson NERR"
"143",2016-08-01,34.7,"RC",10.41,18.631,8.397,20.54,6.998,"Rachel Carson NERR"
"144",2016-08-01,34.7,"RC",10.19,18.631,8.397,20.54,6.998,"Rachel Carson NERR"
"145",2016-08-01,34.7,"RC",9.41,18.631,8.397,20.54,6.998,"Rachel Carson NERR"
"146",2016-08-01,34.7,"RC",9.4,18.631,8.397,20.54,6.998,"Rachel Carson NERR"
"147",2016-08-01,34.7,"RC",10.09,18.631,8.397,20.54,6.998,"Rachel Carson NERR"
"148",2016-08-01,34.7,"RC",10.05,18.631,8.397,20.54,6.998,"Rachel Carson NERR"
"149",2016-08-09,37.2,"VCR",21.29,14.95,8.41,17.56,8.43,"Virginia Coastal Reserve LTER"
"150",2016-08-09,37.2,"VCR",19.36,14.95,8.41,17.56,8.43,"Virginia Coastal Reserve LTER"
"151",2016-08-09,37.2,"VCR",18.3,14.95,8.41,17.56,8.43,"Virginia Coastal Reserve LTER"
"152",2016-08-09,37.2,"VCR",17.33,14.95,8.41,17.56,8.43,"Virginia Coastal Reserve LTER"
"153",2016-08-09,37.2,"VCR",20.78,14.95,8.41,17.56,8.43,"Virginia Coastal Reserve LTER"
"154",2016-08-09,37.2,"VCR",21.35,14.95,8.41,17.56,8.43,"Virginia Coastal Reserve LTER"
"155",2016-08-09,37.2,"VCR",19.15,14.95,8.41,17.56,8.43,"Virginia Coastal Reserve LTER"
"156",2016-08-09,37.2,"VCR",11.66,14.95,8.41,17.56,8.43,"Virginia Coastal Reserve LTER"
"157",2016-08-09,37.2,"VCR",18.71,14.95,8.41,17.56,8.43,"Virginia Coastal Reserve LTER"
"158",2016-08-09,37.2,"VCR",19.76,14.95,8.41,17.56,8.43,"Virginia Coastal Reserve LTER"
"159",2016-08-09,37.2,"VCR",18.79,14.95,8.41,17.56,8.43,"Virginia Coastal Reserve LTER"
"160",2016-08-09,37.2,"VCR",14.2,14.95,8.41,17.56,8.43,"Virginia Coastal Reserve LTER"
"161",2016-08-09,37.2,"VCR",19.01,14.95,8.41,17.56,8.43,"Virginia Coastal Reserve LTER"
"162",2016-08-09,37.2,"VCR",12.94,14.95,8.41,17.56,8.43,"Virginia Coastal Reserve LTER"
"163",2016-08-09,37.2,"VCR",13.3,14.95,8.41,17.56,8.43,"Virginia Coastal Reserve LTER"
"164",2016-08-09,37.2,"VCR",19.9,14.95,8.41,17.56,8.43,"Virginia Coastal Reserve LTER"
"165",2016-08-09,37.2,"VCR",16.7,14.95,8.41,17.56,8.43,"Virginia Coastal Reserve LTER"
"166",2016-08-09,37.2,"VCR",15.04,14.95,8.41,17.56,8.43,"Virginia Coastal Reserve LTER"
"167",2016-08-09,37.2,"VCR",14.93,14.95,8.41,17.56,8.43,"Virginia Coastal Reserve LTER"
"168",2016-08-09,37.2,"VCR",14.04,14.95,8.41,17.56,8.43,"Virginia Coastal Reserve LTER"
"169",2016-08-09,37.2,"VCR",16.11,14.95,8.41,17.56,8.43,"Virginia Coastal Reserve LTER"
"170",2016-08-09,37.2,"VCR",16.22,14.95,8.41,17.56,8.43,"Virginia Coastal Reserve LTER"
"171",2016-08-09,37.2,"VCR",12.66,14.95,8.41,17.56,8.43,"Virginia Coastal Reserve LTER"
"172",2016-08-09,37.2,"VCR",13.99,14.95,8.41,17.56,8.43,"Virginia Coastal Reserve LTER"
"173",2016-08-09,37.2,"VCR",13.15,14.95,8.41,17.56,8.43,"Virginia Coastal Reserve LTER"
"174",2016-08-09,37.2,"VCR",14.65,14.95,8.41,17.56,8.43,"Virginia Coastal Reserve LTER"
"175",2016-08-09,37.2,"VCR",13.84,14.95,8.41,17.56,8.43,"Virginia Coastal Reserve LTER"
"176",2016-08-09,37.2,"VCR",15.93,14.95,8.41,17.56,8.43,"Virginia Coastal Reserve LTER"
"177",2016-08-09,37.2,"VCR",15.06,14.95,8.41,17.56,8.43,"Virginia Coastal Reserve LTER"
"178",2016-08-09,37.2,"VCR",11.92,14.95,8.41,17.56,8.43,"Virginia Coastal Reserve LTER"
"179",2016-08-07,39.1,"DB",18.06,13.932,9.965,15.657,9.121,"Delaware Bay NERR"
"180",2016-08-07,39.1,"DB",18.3,13.932,9.965,15.657,9.121,"Delaware Bay NERR"
"181",2016-08-07,39.1,"DB",14.21,13.932,9.965,15.657,9.121,"Delaware Bay NERR"
"182",2016-08-07,39.1,"DB",17.35,13.932,9.965,15.657,9.121,"Delaware Bay NERR"
"183",2016-08-07,39.1,"DB",16.6,13.932,9.965,15.657,9.121,"Delaware Bay NERR"
"184",2016-08-07,39.1,"DB",13.46,13.932,9.965,15.657,9.121,"Delaware Bay NERR"
"185",2016-08-07,39.1,"DB",15.08,13.932,9.965,15.657,9.121,"Delaware Bay NERR"
"186",2016-08-07,39.1,"DB",15.81,13.932,9.965,15.657,9.121,"Delaware Bay NERR"
"187",2016-08-07,39.1,"DB",20.32,13.932,9.965,15.657,9.121,"Delaware Bay NERR"
"188",2016-08-07,39.1,"DB",17.33,13.932,9.965,15.657,9.121,"Delaware Bay NERR"
"189",2016-08-07,39.1,"DB",16.64,13.932,9.965,15.657,9.121,"Delaware Bay NERR"
"190",2016-08-07,39.1,"DB",14.92,13.932,9.965,15.657,9.121,"Delaware Bay NERR"
"191",2016-08-07,39.1,"DB",18.45,13.932,9.965,15.657,9.121,"Delaware Bay NERR"
"192",2016-08-07,39.1,"DB",20.38,13.932,9.965,15.657,9.121,"Delaware Bay NERR"
"193",2016-08-07,39.1,"DB",17.19,13.932,9.965,15.657,9.121,"Delaware Bay NERR"
"194",2016-08-07,39.1,"DB",13.06,13.932,9.965,15.657,9.121,"Delaware Bay NERR"
"195",2016-08-07,39.1,"DB",13.9,13.932,9.965,15.657,9.121,"Delaware Bay NERR"
"196",2016-08-07,39.1,"DB",16.01,13.932,9.965,15.657,9.121,"Delaware Bay NERR"
"197",2016-08-07,39.1,"DB",14.27,13.932,9.965,15.657,9.121,"Delaware Bay NERR"
"198",2016-08-07,39.1,"DB",13.5,13.932,9.965,15.657,9.121,"Delaware Bay NERR"
"199",2016-08-07,39.1,"DB",15,13.932,9.965,15.657,9.121,"Delaware Bay NERR"
"200",2016-08-07,39.1,"DB",14.3,13.932,9.965,15.657,9.121,"Delaware Bay NERR"
"201",2016-08-07,39.1,"DB",15.12,13.932,9.965,15.657,9.121,"Delaware Bay NERR"
"202",2016-08-07,39.1,"DB",14.25,13.932,9.965,15.657,9.121,"Delaware Bay NERR"
"203",2016-08-07,39.1,"DB",15.36,13.932,9.965,15.657,9.121,"Delaware Bay NERR"
"204",2016-08-07,39.1,"DB",14.26,13.932,9.965,15.657,9.121,"Delaware Bay NERR"
"205",2016-08-07,39.1,"DB",13.28,13.932,9.965,15.657,9.121,"Delaware Bay NERR"
"206",2016-08-07,39.1,"DB",11.46,13.932,9.965,15.657,9.121,"Delaware Bay NERR"
"207",2016-08-07,39.1,"DB",14.36,13.932,9.965,15.657,9.121,"Delaware Bay NERR"
"208",2016-08-07,39.1,"DB",15.89,13.932,9.965,15.657,9.121,"Delaware Bay NERR"
"209",2016-08-08,39.6,"JC",20.92,13.143,9.814,15.051,9.016,"Jacques Cousteau NERR"
"210",2016-08-08,39.6,"JC",18.36,13.143,9.814,15.051,9.016,"Jacques Cousteau NERR"
"211",2016-08-08,39.6,"JC",12.12,13.143,9.814,15.051,9.016,"Jacques Cousteau NERR"
"212",2016-08-08,39.6,"JC",12.84,13.143,9.814,15.051,9.016,"Jacques Cousteau NERR"
"213",2016-08-08,39.6,"JC",12.83,13.143,9.814,15.051,9.016,"Jacques Cousteau NERR"
"214",2016-08-08,39.6,"JC",17.56,13.143,9.814,15.051,9.016,"Jacques Cousteau NERR"
"215",2016-08-08,39.6,"JC",18.39,13.143,9.814,15.051,9.016,"Jacques Cousteau NERR"
"216",2016-08-08,39.6,"JC",15.33,13.143,9.814,15.051,9.016,"Jacques Cousteau NERR"
"217",2016-08-08,39.6,"JC",17.93,13.143,9.814,15.051,9.016,"Jacques Cousteau NERR"
"218",2016-08-08,39.6,"JC",18.35,13.143,9.814,15.051,9.016,"Jacques Cousteau NERR"
"219",2016-08-08,39.6,"JC",15.78,13.143,9.814,15.051,9.016,"Jacques Cousteau NERR"
"220",2016-08-08,39.6,"JC",16.03,13.143,9.814,15.051,9.016,"Jacques Cousteau NERR"
"221",2016-08-08,39.6,"JC",12.22,13.143,9.814,15.051,9.016,"Jacques Cousteau NERR"
"222",2016-08-08,39.6,"JC",9.58,13.143,9.814,15.051,9.016,"Jacques Cousteau NERR"
"223",2016-08-08,39.6,"JC",14.39,13.143,9.814,15.051,9.016,"Jacques Cousteau NERR"
"224",2016-08-08,39.6,"JC",12.74,13.143,9.814,15.051,9.016,"Jacques Cousteau NERR"
"225",2016-08-08,39.6,"JC",13.48,13.143,9.814,15.051,9.016,"Jacques Cousteau NERR"
"226",2016-08-08,39.6,"JC",15.52,13.143,9.814,15.051,9.016,"Jacques Cousteau NERR"
"227",2016-08-08,39.6,"JC",17.84,13.143,9.814,15.051,9.016,"Jacques Cousteau NERR"
"228",2016-08-08,39.6,"JC",17.91,13.143,9.814,15.051,9.016,"Jacques Cousteau NERR"
"229",2016-08-08,39.6,"JC",13.37,13.143,9.814,15.051,9.016,"Jacques Cousteau NERR"
"230",2016-08-08,39.6,"JC",16.96,13.143,9.814,15.051,9.016,"Jacques Cousteau NERR"
"231",2016-08-08,39.6,"JC",12.2,13.143,9.814,15.051,9.016,"Jacques Cousteau NERR"
"232",2016-08-08,39.6,"JC",12.14,13.143,9.814,15.051,9.016,"Jacques Cousteau NERR"
"233",2016-08-08,39.6,"JC",17.01,13.143,9.814,15.051,9.016,"Jacques Cousteau NERR"
"234",2016-08-08,39.6,"JC",14.62,13.143,9.814,15.051,9.016,"Jacques Cousteau NERR"
"235",2016-08-08,39.6,"JC",12.37,13.143,9.814,15.051,9.016,"Jacques Cousteau NERR"
"236",2016-08-08,39.6,"JC",19.2,13.143,9.814,15.051,9.016,"Jacques Cousteau NERR"
"237",2016-08-08,39.6,"JC",15.63,13.143,9.814,15.051,9.016,"Jacques Cousteau NERR"
"238",2016-08-08,39.6,"JC",14.62,13.143,9.814,15.051,9.016,"Jacques Cousteau NERR"
"239",2016-08-09,41.3,"CT",15.52,12.05,8.81,13.976,6.567,"Sixpenny Island - Connecticut"
"240",2016-08-09,41.3,"CT",15.26,12.05,8.81,13.976,6.567,"Sixpenny Island - Connecticut"
"241",2016-08-09,41.3,"CT",15.62,12.05,8.81,13.976,6.567,"Sixpenny Island - Connecticut"
"242",2016-08-09,41.3,"CT",16.75,12.05,8.81,13.976,6.567,"Sixpenny Island - Connecticut"
"243",2016-08-09,41.3,"CT",15.96,12.05,8.81,13.976,6.567,"Sixpenny Island - Connecticut"
"244",2016-08-09,41.3,"CT",12.26,12.05,8.81,13.976,6.567,"Sixpenny Island - Connecticut"
"245",2016-08-09,41.3,"CT",11.01,12.05,8.81,13.976,6.567,"Sixpenny Island - Connecticut"
"246",2016-08-09,41.3,"CT",13.47,12.05,8.81,13.976,6.567,"Sixpenny Island - Connecticut"
"247",2016-08-09,41.3,"CT",16.05,12.05,8.81,13.976,6.567,"Sixpenny Island - Connecticut"
"248",2016-08-09,41.3,"CT",16.35,12.05,8.81,13.976,6.567,"Sixpenny Island - Connecticut"
"249",2016-08-09,41.3,"CT",16.04,12.05,8.81,13.976,6.567,"Sixpenny Island - Connecticut"
"250",2016-08-09,41.3,"CT",15.43,12.05,8.81,13.976,6.567,"Sixpenny Island - Connecticut"
"251",2016-08-09,41.3,"CT",16.29,12.05,8.81,13.976,6.567,"Sixpenny Island - Connecticut"
"252",2016-08-09,41.3,"CT",13.95,12.05,8.81,13.976,6.567,"Sixpenny Island - Connecticut"
"253",2016-08-09,41.3,"CT",17.75,12.05,8.81,13.976,6.567,"Sixpenny Island - Connecticut"
"254",2016-08-09,41.3,"CT",12.08,12.05,8.81,13.976,6.567,"Sixpenny Island - Connecticut"
"255",2016-08-09,41.3,"CT",12.03,12.05,8.81,13.976,6.567,"Sixpenny Island - Connecticut"
"256",2016-08-09,41.3,"CT",11.56,12.05,8.81,13.976,6.567,"Sixpenny Island - Connecticut"
"257",2016-08-09,41.3,"CT",15.73,12.05,8.81,13.976,6.567,"Sixpenny Island - Connecticut"
"258",2016-08-09,41.3,"CT",17.4,12.05,8.81,13.976,6.567,"Sixpenny Island - Connecticut"
"259",2016-08-09,41.3,"CT",11.3,12.05,8.81,13.976,6.567,"Sixpenny Island - Connecticut"
"260",2016-08-09,41.3,"CT",12.03,12.05,8.81,13.976,6.567,"Sixpenny Island - Connecticut"
"261",2016-08-09,41.3,"CT",17.08,12.05,8.81,13.976,6.567,"Sixpenny Island - Connecticut"
"262",2016-08-09,41.3,"CT",12.24,12.05,8.81,13.976,6.567,"Sixpenny Island - Connecticut"
"263",2016-08-09,41.3,"CT",11.34,12.05,8.81,13.976,6.567,"Sixpenny Island - Connecticut"
"264",2016-08-09,41.3,"CT",19.47,12.05,8.81,13.976,6.567,"Sixpenny Island - Connecticut"
"265",2016-08-09,41.3,"CT",13.5,12.05,8.81,13.976,6.567,"Sixpenny Island - Connecticut"
"266",2016-08-09,41.3,"CT",15.8,12.05,8.81,13.976,6.567,"Sixpenny Island - Connecticut"
"267",2016-08-09,41.3,"CT",17.04,12.05,8.81,13.976,6.567,"Sixpenny Island - Connecticut"
"268",2016-08-09,41.3,"CT",18.06,12.05,8.81,13.976,6.567,"Sixpenny Island - Connecticut"
"269",2016-08-09,41.3,"CT",12.75,12.05,8.81,13.976,6.567,"Sixpenny Island - Connecticut"
"270",2016-08-09,41.3,"CT",11.78,12.05,8.81,13.976,6.567,"Sixpenny Island - Connecticut"
"271",2016-08-09,41.3,"CT",15.92,12.05,8.81,13.976,6.567,"Sixpenny Island - Connecticut"
"272",2016-08-09,41.6,"NB",20.28,12.205,9.483,17.504,7.865,"Narragansett Bay NERR"
"273",2016-07-28,41.6,"NB",19.54,12.205,9.483,17.504,7.865,"Narragansett Bay NERR"
"274",2016-07-28,41.6,"NB",21.94,12.205,9.483,17.504,7.865,"Narragansett Bay NERR"
"275",2016-07-28,41.6,"NB",16.95,12.205,9.483,17.504,7.865,"Narragansett Bay NERR"
"276",2016-07-28,41.6,"NB",15.03,12.205,9.483,17.504,7.865,"Narragansett Bay NERR"
"277",2016-07-28,41.6,"NB",16.2,12.205,9.483,17.504,7.865,"Narragansett Bay NERR"
"278",2016-07-28,41.6,"NB",21.47,12.205,9.483,17.504,7.865,"Narragansett Bay NERR"
"279",2016-07-28,41.6,"NB",17.97,12.205,9.483,17.504,7.865,"Narragansett Bay NERR"
"280",2016-07-28,41.6,"NB",18.31,12.205,9.483,17.504,7.865,"Narragansett Bay NERR"
"281",2016-07-28,41.6,"NB",16.56,12.205,9.483,17.504,7.865,"Narragansett Bay NERR"
"282",2016-07-28,41.6,"NB",18.23,12.205,9.483,17.504,7.865,"Narragansett Bay NERR"
"283",2016-07-28,41.6,"NB",17.93,12.205,9.483,17.504,7.865,"Narragansett Bay NERR"
"284",2016-07-28,41.6,"NB",17.48,12.205,9.483,17.504,7.865,"Narragansett Bay NERR"
"285",2016-07-28,41.6,"NB",17.17,12.205,9.483,17.504,7.865,"Narragansett Bay NERR"
"286",2016-07-28,41.6,"NB",17.44,12.205,9.483,17.504,7.865,"Narragansett Bay NERR"
"287",2016-07-28,41.6,"NB",14.82,12.205,9.483,17.504,7.865,"Narragansett Bay NERR"
"288",2016-07-28,41.6,"NB",13.19,12.205,9.483,17.504,7.865,"Narragansett Bay NERR"
"289",2016-07-28,41.6,"NB",13.25,12.205,9.483,17.504,7.865,"Narragansett Bay NERR"
"290",2016-07-28,41.6,"NB",14.52,12.205,9.483,17.504,7.865,"Narragansett Bay NERR"
"291",2016-07-28,41.6,"NB",17.55,12.205,9.483,17.504,7.865,"Narragansett Bay NERR"
"292",2016-07-28,41.6,"NB",20.78,12.205,9.483,17.504,7.865,"Narragansett Bay NERR"
"293",2016-07-28,41.6,"NB",18.33,12.205,9.483,17.504,7.865,"Narragansett Bay NERR"
"294",2016-07-28,41.6,"NB",17.85,12.205,9.483,17.504,7.865,"Narragansett Bay NERR"
"295",2016-07-28,41.6,"NB",14.16,12.205,9.483,17.504,7.865,"Narragansett Bay NERR"
"296",2016-07-28,41.6,"NB",15.85,12.205,9.483,17.504,7.865,"Narragansett Bay NERR"
"297",2016-07-28,41.6,"NB",14.16,12.205,9.483,17.504,7.865,"Narragansett Bay NERR"
"298",2016-07-28,41.6,"NB",15.85,12.205,9.483,17.504,7.865,"Narragansett Bay NERR"
"299",2016-07-28,41.6,"NB",17.13,12.205,9.483,17.504,7.865,"Narragansett Bay NERR"
"300",2016-07-28,41.6,"NB",17.13,12.205,9.483,17.504,7.865,"Narragansett Bay NERR"
"301",2016-07-25,41.9,"CC",17.39,11.28,8.11,14.01,6.9,"Cape Cod"
"302",2016-07-25,41.9,"CC",19.33,11.28,8.11,14.01,6.9,"Cape Cod"
"303",2016-07-25,41.9,"CC",18.84,11.28,8.11,14.01,6.9,"Cape Cod"
"304",2016-07-25,41.9,"CC",14.8,11.28,8.11,14.01,6.9,"Cape Cod"
"305",2016-07-25,41.9,"CC",18.07,11.28,8.11,14.01,6.9,"Cape Cod"
"306",2016-07-25,41.9,"CC",19.31,11.28,8.11,14.01,6.9,"Cape Cod"
"307",2016-07-25,41.9,"CC",17.1,11.28,8.11,14.01,6.9,"Cape Cod"
"308",2016-07-25,41.9,"CC",17.17,11.28,8.11,14.01,6.9,"Cape Cod"
"309",2016-07-25,41.9,"CC",18.39,11.28,8.11,14.01,6.9,"Cape Cod"
"310",2016-07-25,41.9,"CC",18.94,11.28,8.11,14.01,6.9,"Cape Cod"
"311",2016-07-25,41.9,"CC",15.58,11.28,8.11,14.01,6.9,"Cape Cod"
"312",2016-07-25,41.9,"CC",18.82,11.28,8.11,14.01,6.9,"Cape Cod"
"313",2016-07-25,41.9,"CC",16.25,11.28,8.11,14.01,6.9,"Cape Cod"
"314",2016-07-25,41.9,"CC",16.63,11.28,8.11,14.01,6.9,"Cape Cod"
"315",2016-07-25,41.9,"CC",15.54,11.28,8.11,14.01,6.9,"Cape Cod"
"316",2016-07-25,41.9,"CC",19.27,11.28,8.11,14.01,6.9,"Cape Cod"
"317",2016-07-25,41.9,"CC",14.4,11.28,8.11,14.01,6.9,"Cape Cod"
"318",2016-07-25,41.9,"CC",19.85,11.28,8.11,14.01,6.9,"Cape Cod"
"319",2016-07-25,41.9,"CC",16.74,11.28,8.11,14.01,6.9,"Cape Cod"
"320",2016-07-25,41.9,"CC",13.84,11.28,8.11,14.01,6.9,"Cape Cod"
"321",2016-07-25,41.9,"CC",16.54,11.28,8.11,14.01,6.9,"Cape Cod"
"322",2016-07-25,41.9,"CC",16.07,11.28,8.11,14.01,6.9,"Cape Cod"
"323",2016-07-25,41.9,"CC",15.28,11.28,8.11,14.01,6.9,"Cape Cod"
"324",2016-07-25,41.9,"CC",16.69,11.28,8.11,14.01,6.9,"Cape Cod"
"325",2016-07-25,41.9,"CC",16.79,11.28,8.11,14.01,6.9,"Cape Cod"
"326",2016-07-25,41.9,"CC",10.62,11.28,8.11,14.01,6.9,"Cape Cod"
"327",2016-07-25,41.9,"CC",15.76,11.28,8.11,14.01,6.9,"Cape Cod"
"328",2016-08-12,42.2,"BC",23.43,11.63,9.53,14.01,6.9,"Bare Cove Park"
"329",2016-08-12,42.2,"BC",17,11.63,9.53,14.01,6.9,"Bare Cove Park"
"330",2016-08-12,42.2,"BC",19.17,11.63,9.53,14.01,6.9,"Bare Cove Park"
"331",2016-08-12,42.2,"BC",16.35,11.63,9.53,14.01,6.9,"Bare Cove Park"
"332",2016-08-12,42.2,"BC",21.49,11.63,9.53,14.01,6.9,"Bare Cove Park"
"333",2016-08-12,42.2,"BC",22.02,11.63,9.53,14.01,6.9,"Bare Cove Park"
"334",2016-08-12,42.2,"BC",22.21,11.63,9.53,14.01,6.9,"Bare Cove Park"
"335",2016-08-12,42.2,"BC",22.44,11.63,9.53,14.01,6.9,"Bare Cove Park"
"336",2016-08-12,42.2,"BC",21.92,11.63,9.53,14.01,6.9,"Bare Cove Park"
"337",2016-08-12,42.2,"BC",19.8,11.63,9.53,14.01,6.9,"Bare Cove Park"
"338",2016-08-12,42.2,"BC",21.03,11.63,9.53,14.01,6.9,"Bare Cove Park"
"339",2016-08-12,42.2,"BC",18.41,11.63,9.53,14.01,6.9,"Bare Cove Park"
"340",2016-08-12,42.2,"BC",20.19,11.63,9.53,14.01,6.9,"Bare Cove Park"
"341",2016-08-12,42.2,"BC",17.97,11.63,9.53,14.01,6.9,"Bare Cove Park"
"342",2016-08-12,42.2,"BC",11.56,11.63,9.53,14.01,6.9,"Bare Cove Park"
"343",2016-08-12,42.2,"BC",19.58,11.63,9.53,14.01,6.9,"Bare Cove Park"
"344",2016-08-12,42.2,"BC",18.1,11.63,9.53,14.01,6.9,"Bare Cove Park"
"345",2016-08-12,42.2,"BC",15.22,11.63,9.53,14.01,6.9,"Bare Cove Park"
"346",2016-08-12,42.2,"BC",19.25,11.63,9.53,14.01,6.9,"Bare Cove Park"
"347",2016-08-12,42.2,"BC",19.99,11.63,9.53,14.01,6.9,"Bare Cove Park"
"348",2016-08-12,42.2,"BC",21.81,11.63,9.53,14.01,6.9,"Bare Cove Park"
"349",2016-08-12,42.2,"BC",21.39,11.63,9.53,14.01,6.9,"Bare Cove Park"
"350",2016-08-12,42.2,"BC",17.33,11.63,9.53,14.01,6.9,"Bare Cove Park"
"351",2016-08-12,42.2,"BC",11.39,11.63,9.53,14.01,6.9,"Bare Cove Park"
"352",2016-08-12,42.2,"BC",10.15,11.63,9.53,14.01,6.9,"Bare Cove Park"
"353",2016-08-12,42.2,"BC",12.92,11.63,9.53,14.01,6.9,"Bare Cove Park"
"354",2016-08-12,42.2,"BC",9.42,11.63,9.53,14.01,6.9,"Bare Cove Park"
"355",2016-08-12,42.2,"BC",12.74,11.63,9.53,14.01,6.9,"Bare Cove Park"
"356",2016-08-12,42.2,"BC",11.58,11.63,9.53,14.01,6.9,"Bare Cove Park"
"357",2016-08-12,42.2,"BC",10.1,11.63,9.53,14.01,6.9,"Bare Cove Park"
"358",2016-08-12,42.2,"BC",11.77,11.63,9.53,14.01,6.9,"Bare Cove Park"
"359",2016-08-12,42.2,"BC",11.51,11.63,9.53,14.01,6.9,"Bare Cove Park"
"360",2016-08-12,42.2,"BC",9.01,11.63,9.53,14.01,6.9,"Bare Cove Park"
"361",2016-08-12,42.2,"BC",10.04,11.63,9.53,14.01,6.9,"Bare Cove Park"
"362",2016-08-12,42.2,"BC",10.91,11.63,9.53,14.01,6.9,"Bare Cove Park"
"363",2016-08-12,42.2,"BC",10.24,11.63,9.53,14.01,6.9,"Bare Cove Park"
"364",2016-08-12,42.2,"BC",9.86,11.63,9.53,14.01,6.9,"Bare Cove Park"
"365",2016-08-13,42.7,"PIE",17.58,10.293,9.45,14.33,4.838,"Plum Island Estuary - West Creek"
"366",2016-08-13,42.7,"PIE",21.19,10.293,9.45,14.33,4.838,"Plum Island Estuary - West Creek"
"367",2016-08-13,42.7,"PIE",20.2,10.293,9.45,14.33,4.838,"Plum Island Estuary - West Creek"
"368",2016-08-13,42.7,"PIE",18.75,10.293,9.45,14.33,4.838,"Plum Island Estuary - West Creek"
"369",2016-08-13,42.7,"PIE",17.54,10.293,9.45,14.33,4.838,"Plum Island Estuary - West Creek"
"370",2016-08-13,42.7,"PIE",22.13,10.293,9.45,14.33,4.838,"Plum Island Estuary - West Creek"
"371",2016-08-13,42.7,"PIE",19.51,10.293,9.45,14.33,4.838,"Plum Island Estuary - West Creek"
"372",2016-08-13,42.7,"PIE",18.09,10.293,9.45,14.33,4.838,"Plum Island Estuary - West Creek"
"373",2016-08-13,42.7,"PIE",17.98,10.293,9.45,14.33,4.838,"Plum Island Estuary - West Creek"
"374",2016-08-13,42.7,"PIE",19.96,10.293,9.45,14.33,4.838,"Plum Island Estuary - West Creek"
"375",2016-08-13,42.7,"PIE",18.94,10.293,9.45,14.33,4.838,"Plum Island Estuary - West Creek"
"376",2016-08-13,42.7,"PIE",20.37,10.293,9.45,14.33,4.838,"Plum Island Estuary - West Creek"
"377",2016-08-13,42.7,"PIE",17.75,10.293,9.45,14.33,4.838,"Plum Island Estuary - West Creek"
"378",2016-08-13,42.7,"PIE",16.29,10.293,9.45,14.33,4.838,"Plum Island Estuary - West Creek"
"379",2016-08-13,42.7,"PIE",9.92,10.293,9.45,14.33,4.838,"Plum Island Estuary - West Creek"
"380",2016-08-13,42.7,"PIE",16.18,10.293,9.45,14.33,4.838,"Plum Island Estuary - West Creek"
"381",2016-08-13,42.7,"PIE",18.06,10.293,9.45,14.33,4.838,"Plum Island Estuary - West Creek"
"382",2016-08-13,42.7,"PIE",19.37,10.293,9.45,14.33,4.838,"Plum Island Estuary - West Creek"
"383",2016-08-13,42.7,"PIE",17.52,10.293,9.45,14.33,4.838,"Plum Island Estuary - West Creek"
"384",2016-08-13,42.7,"PIE",17.71,10.293,9.45,14.33,4.838,"Plum Island Estuary - West Creek"
"385",2016-08-13,42.7,"PIE",20.42,10.293,9.45,14.33,4.838,"Plum Island Estuary - West Creek"
"386",2016-08-13,42.7,"PIE",20.24,10.293,9.45,14.33,4.838,"Plum Island Estuary - West Creek"
"387",2016-08-13,42.7,"PIE",18.67,10.293,9.45,14.33,4.838,"Plum Island Estuary - West Creek"
"388",2016-08-13,42.7,"PIE",17.92,10.293,9.45,14.33,4.838,"Plum Island Estuary - West Creek"
"389",2016-08-13,42.7,"PIE",21.2,10.293,9.45,14.33,4.838,"Plum Island Estuary - West Creek"
"390",2016-08-13,42.7,"PIE",16.25,10.293,9.45,14.33,4.838,"Plum Island Estuary - West Creek"
"391",2016-08-13,42.7,"PIE",20.32,10.293,9.45,14.33,4.838,"Plum Island Estuary - West Creek"
"392",2016-08-13,42.7,"PIE",18.05,10.293,9.45,14.33,4.838,"Plum Island Estuary - West Creek"
